,MSE,R2
LinearRegression,79374301.4996844,0.10900114221948531
RandomForest,80098202.42708202,0.10087515071756203
GradientBoosting,77992001.47127855,0.12451784880019745
